Requêtes les plus fréquentes,Clics,Impressions,CTR,Position
bateau occasion madagascar,40,120,33.33%,1.7
bateau à vendre madagascar,31,75,41.33%,1.47
bateau a vendre ile maurice,29,590,4.92%,10.6
bateau à vendre ile maurice,21,133,15.79%,7.18
nouanni 44,18,245,7.35%,2.67
myboat,15,297,5.05%,4.99
voilier petit prince,15,187,8.02%,5.79
achat bateau ile maurice,14,227,6.17%,22.74
bateau occasion à vendre dans le port de la réunion,14,92,15.22%,2.73
bateau petit prince,11,94,11.7%,1.49
bateau de pêche à vendre à la réunion,10,42,23.81%,4.07
garcia nouanni,9,66,13.64%,1.55
my boat,8,553,1.45%,6.48
edel cat 35 occasion,8,46,17.39%,4
vente bateau ile maurice,7,166,4.22%,12.37
bateaux a vendre ile maurice,7,107,6.54%,10.68
le bon coin mayotte bateau,7,75,9.33%,3.56
bateau a vendre maurice,6,421,1.43%,13.16
catamaran for sale mauritius,6,206,2.91%,10
bateau occasion ile maurice,6,111,5.41%,6.73
garcia nouanni 44,6,86,6.98%,3.26
catamaran wharram occasion,6,64,9.38%,5.52
voilier petit prince occasion,6,46,13.04%,1.24
boats for sale mauritius,5,173,2.89%,16.79
catamaran a vendre ile maurice,5,144,3.47%,25.98
boats for sale seychelles,5,132,3.79%,7.77
galapagos 43,5,97,5.15%,2.75
wharram catamaran,5,90,5.56%,9.76
north wind 47,4,70,5.71%,33.99
vente bateau maurice,4,63,6.35%,9.84
tiki 26,4,40,10%,6.05
petit prince voilier,4,32,12.5%,1.47
ne quid nimis voilier,4,23,17.39%,1.04
bateau occasion nosy be,4,22,18.18%,17.68
antares 905,4,21,19.05%,11.14
tiki 26 for sale,4,19,21.05%,6.84
bateau,3,499,0.6%,6.76
boat for sale mauritius,3,182,1.65%,15.49
yacht for sale mauritius,3,138,2.17%,18.11
bateau madagascar,3,107,2.8%,7.55
bateau a vendre a maurice,3,79,3.8%,6.96
antares 9.05,3,64,4.69%,5.41
bateau à vendre,3,29,10.34%,4.66
edel catamaran for sale,3,24,12.5%,9.58
boats for sale in seychelles,3,18,16.67%,6.5
voilier galapagos 43,3,17,17.65%,1.06
tiki 26 catamaran,3,17,17.65%,8.71
bateau à vendre au port de l île de la réunion,3,16,18.75%,2.31
voilier mayotte,3,12,25%,10.5
ne quid nimis,2,337,0.59%,10.16
petit prince 125,2,211,0.95%,3.84
bateau sunbird,2,202,0.99%,3.39
voilier garcia occasion,2,155,1.29%,9.35
comarine,2,153,1.31%,5.66
mahe 36 occasion,2,89,2.25%,9.48
bateau a vendre,2,81,2.47%,15.81
achat bateau maurice,2,71,2.82%,10.18
speed 770,2,60,3.33%,2.88
maldives 32 occasion,2,56,3.57%,8.11
boat for sale seychelles,2,52,3.85%,7.1
trimaki,2,48,4.17%,2.52
wharram tiki 26,2,45,4.44%,7.02
trimaran speed 770,2,42,4.76%,3.55
dériveur intégral aluminium occasion,2,38,5.26%,6.71
harmony 47,2,34,5.88%,9.68
nouanni 44 for sale,2,21,9.52%,4.95
triswood 35,2,18,11.11%,6.89
bateau prix,2,11,18.18%,16.18
dean 440,2,9,22.22%,13.11
voilier a vendre,2,8,25%,6.75
edel cat 35,1,548,0.18%,26.35
toky,1,494,0.2%,14.95
multicoque occasion,1,176,0.57%,9.52
evasion 34,1,160,0.62%,22.44
sun odyssey 349,1,101,0.99%,47.15
multicoques occasion,1,97,1.03%,9.35
boats for sale in mauritius,1,89,1.12%,19.33
wharram,1,84,1.19%,10.05
jeanneau lamparo,1,82,1.22%,18
boutre madagascar,1,78,1.28%,6.35
moteur bateau a vendre ile maurice,1,78,1.28%,13.85
arvor 18 fiche technique,1,72,1.39%,3.69
voilier evasion 34,1,69,1.45%,3.17
yachts for sale mauritius,1,58,1.72%,31.38
maryland 37,1,57,1.75%,11.14
voilier aluminium dériveur intégral occasion,1,54,1.85%,8.94
voilier 18m occasion,1,53,1.89%,6.7
astus 20.5 occasion,1,52,1.92%,16.23
boat sales mauritius,1,51,1.96%,34.47
voilier mikado,1,45,2.22%,3.51
petit prince bateau,1,43,2.33%,1.65
bateau boutre,1,42,2.38%,7.52
voilier ile maurice,1,42,2.38%,16.38
via 42,1,33,3.03%,5.33
hunter 23.5,1,33,3.03%,7.15
my bateau,1,32,3.12%,11.22
goelette acier,1,28,3.57%,28.25
voilier mikado occasion,1,27,3.7%,2.89
boutre malgache,1,24,4.17%,1
bateau petit prince 125,1,23,4.35%,2.7
petit bateau madagascar,1,21,4.76%,3.67
dean 440 catamaran,1,16,6.25%,6.31
etap 32s occasion,1,15,6.67%,9.8
fishing boat for sale mauritius,1,15,6.67%,11
lagoon 470,1,14,7.14%,12.14
ufo 34,1,13,7.69%,7.77
multihull for sale,1,13,7.69%,10.69
bateau traditionnel malgache,1,11,9.09%,1.64
vente bateau,1,9,11.11%,6.56
dean 441,1,9,11.11%,10.56
wharram bateau,1,8,12.5%,9.62
swan 38 occasion,1,7,14.29%,9.57
vendre bateau,1,7,14.29%,22.43
boat madagascar,1,6,16.67%,9.67
maldives 32,1,6,16.67%,17.67
bateau mayotte madagascar,1,6,16.67%,18
warram,1,5,20%,5.6
petit bateau a vendre,1,5,20%,11.2
looping catamaran for sale,1,5,20%,40.2
edel 35,1,4,25%,8.75
riviera 3000 offshore,1,4,25%,26.5
sessa c43,1,3,33.33%,15.67
bateau trinidad,1,3,33.33%,65.67
bateaux de pêche type hors bord d'occasion à la réunion,1,2,50%,2.5
site de vente de bateaux,1,2,50%,3
achat bateau de plaisance,1,1,100%,1
monocoque occasion,1,1,100%,3
pêche à la réunion en bateau,1,1,100%,29
catamaran boat for sale mauritius,0,263,0%,13.76
boutre,0,233,0%,6.15
catamaran à moteur,0,221,0%,47.36
escale 39,0,192,0%,7.76
first 211,0,178,0%,34.49
lagoon 410,0,168,0%,27.18
after sales service motor boat,0,159,0%,15.51
annonces du bateau,0,157,0%,18.73
catamaran moteur,0,154,0%,38.44
acheter voilier occasion antilles,0,154,0%,70.61
types de bateaux,0,153,0%,29.61
sun odyssey 33 occasion,0,150,0%,24.67
wellcraft scarab,0,149,0%,27.09
first 211 occasion,0,147,0%,40.78
boutre bateau,0,146,0%,10.01
voilier alu occasion,0,139,0%,23.5
achat catamaran occasion antilles,0,138,0%,71.68
buy boat mauritius,0,137,0%,15.69
ik wil mijn boot verkopen,0,136,0%,42.17
gibsea 43,0,132,0%,24.07
catamaran moteur occasion,0,130,0%,23.19
bateaux,0,125,0%,7.48
multicoque a vendre,0,125,0%,8.22
highland 35 occasion,0,118,0%,43.64
catamaran a moteur,0,117,0%,46.92
boot verkopen via makelaar,0,113,0%,31.5
voilier aluminium occasion,0,112,0%,21.44
voilier occasion aluminium,0,112,0%,22.85
jeanneau sun odyssey 349,0,106,0%,36.35
techmarine madagascar,0,103,0%,5.39
occasion catamaran antilles,0,98,0%,73.74
lamparo bateau,0,83,0%,7.57
catamaran wharram,0,75,0%,7.79
vendre un bateau avec estimation gratuite,0,75,0%,17.72
catamarans à moteur,0,74,0%,79.04
buy a yacht mauritius,0,73,0%,23.16
bateau occasions ile maurice a vendre,0,73,0%,42.42
catamaran vente occasion,0,69,0%,38.13
lagoon 450 f,0,68,0%,45.49
voilier monocoque occasion,0,67,0%,20.12
hoe verkoop ik mijn boot,0,66,0%,44.88
mauritius boats for sale,0,65,0%,25.15
bateaux a vendre mauritius,0,64,0%,24
vender mi barco,0,64,0%,35
acheter un catamaran,0,64,0%,42.52
bateau de pêche en mer à vendre,0,63,0%,41.71
vente catamaran neuf antilles,0,63,0%,75.51
bateau monocoque,0,62,0%,21.45
sun odyssey 349 occasion,0,62,0%,44.29
bateau multicoque,0,61,0%,10.93
achat catamaran neuf caraïbes,0,61,0%,20.92
boat for sale in mauritius,0,61,0%,30.43
sunbird bateau,0,60,0%,1.18
achat catamaran occasion grenadines,0,60,0%,82.88
catamaran moteur hors bord,0,59,0%,26.58
catamaran moteur hors-bord,0,59,0%,26.68
catamarans à vendre nosy be,0,57,0%,2.35
fountaine pajot bahia 46,0,57,0%,47.21
beneteau gt 40 occasion,0,53,0%,40.17
achat catamarans,0,53,0%,40.57
arvor 18,0,52,0%,10.75
lagoon 47,0,51,0%,6.8
monohull boat,0,51,0%,24.39
acheter voilier occasion grenadines,0,51,0%,77.69
a vendre catamaran,0,50,0%,43.72
buy a multihull,0,49,0%,12.12
courtier en catamaran d'occasion,0,49,0%,38.16
catamaran maldives 32,0,48,0%,18.69
catamaran vendre,0,48,0%,38.96
venezia 42,0,48,0%,43.44
leopard bateau,0,47,0%,32.51
boat sale mauritius,0,46,0%,25.78
bateau reunion,0,46,0%,40.54
examens permis bateau,0,46,0%,57.02
bateau réunion / madagascar prix,0,44,0%,7.09
catamaran a moteur a vendre,0,44,0%,20.98
second hand boat for sale in facebook mauritius,0,43,0%,39.37
a vendre catamaran occasion,0,43,0%,40.09
location bateau mayotte,0,43,0%,73.4
vedette habitable,0,42,0%,33.67
gran turismo 40,0,42,0%,51.26
annonces du bateau boot verkopen,0,41,0%,8.76
used boats for sale mauritius,0,41,0%,35.34
catamarans à vendre nosy be madagascar,0,40,0%,4.28
#myboat,0,39,0%,10.18
vendre son bateau,0,39,0%,30.44
owning a boat in mauritius,0,38,0%,30.24
sell my boat,0,38,0%,46.03
evasion 34 occasion,0,37,0%,14.3
voilier deriveur aluminium,0,36,0%,5.58
techmarine,0,36,0%,5.69
botentekoop occasion voilier,0,36,0%,7.94
bateaux ile maurice,0,36,0%,50.06
type de bateau,0,36,0%,56.94
catamaran caraibe,0,35,0%,27.37
acheter un catamaran d'occasion,0,35,0%,73.14
escale39,0,34,0%,6.24
achat bateau à moteur,0,34,0%,33
lagoon 450 occasion,0,34,0%,38.65
mijn boot,0,33,0%,23.48
voilier petit prince 125,0,32,0%,3.31
vente bateau océan indien,0,32,0%,4.75
north wind,0,32,0%,22.25
indian ocean boat,0,31,0%,7.35
maldive 32,0,31,0%,7.81
annonces du bateau on boot verkopen,0,31,0%,13.06
catamaran a vendre occasion,0,31,0%,36
mahe 36,0,31,0%,38.35
my oi,0,30,0%,7.73
ci sono broker che aiutano a vendere barche online?,0,30,0%,8.27
dean 365,0,30,0%,9.07
bateau reunion madagascar,0,30,0%,9.97
yacht broker mauritius,0,30,0%,10.97
"wie lange dauert es in der regel, ein boot zu verkaufen?",0,29,0%,5.69
gratis advertentie boot verkopen,0,29,0%,23.97
acheter un lagoon,0,29,0%,34.83
speed boat for sale mauritius,0,29,0%,40.93
sun odyssey 419,0,29,0%,47.69
multicoque d'occasion,0,28,0%,7.68
botenmarktplaats,0,28,0%,14.79
bateau 974,0,28,0%,20.71
boat mauritius,0,28,0%,34.14
etap 32s,0,28,0%,35.71
beneteau mauritius,0,28,0%,71.96
achat catamaran lagoon,0,27,0%,48.22
dériveur intégral,0,27,0%,52.44
mijn boot verkopen,0,26,0%,22.42
boot verkopen gratis,0,26,0%,30.54
boat sales,0,26,0%,32.85
miglior piattaforma per vendere barca,0,25,0%,13.44
bateau la reunion,0,25,0%,45.2
dériveur léger,0,25,0%,46
acheter voilier occasion martinique,0,25,0%,72.76
is it où vendre un bateau rapidement en ligne ?,0,24,0%,7.67
voilier aluminium à vendre,0,24,0%,8.17
negoziazione prezzi barche a vela online,0,24,0%,8.79
france réunion bateau prix,0,24,0%,15.46
gratis boot advertentie,0,24,0%,33.88
used monohull boats,0,24,0%,37.04
botentekoop bateaux moteur occasion,0,23,0%,11.39
boating licence,0,23,0%,11.87
boat types,0,23,0%,13.48
boat license,0,23,0%,15.3
boats mauritius,0,23,0%,23.39
voilier coque alu,0,23,0%,56.35
bateau ocean indien,0,22,0%,1.77
madagascar en bateau,0,22,0%,28.5
lagoon 400 s2,0,22,0%,45.77
vedette kopen,0,22,0%,55.77
hoeveel is mijn boot waard,0,22,0%,76.73
voilier ocean,0,22,0%,79.05
vente bateau antilles,0,22,0%,80.82
bateau inboard a vendre,0,22,0%,88.91
norman cross,0,21,0%,4.62
bateau réunion madagascar prix,0,21,0%,6.33
voilier dériveur intégral aluminium,0,21,0%,7.48
bataux,0,21,0%,8.1
boot verkopen annonces du bateau,0,21,0%,8.95
petit prince 125 occasion,0,20,0%,2.6
bateau prao,0,20,0%,46
bateau lamparo,0,19,0%,1.53
northwind 47,0,19,0%,7.79
bateau mayotte,0,19,0%,8.84
annonces du bateau site officiel,0,19,0%,10.79
multicoque bateau,0,19,0%,11.37
reunion maurice bateau,0,19,0%,20.16
bateau reunion maurice,0,19,0%,26.16
vedette 9.30 te koop,0,19,0%,31.11
acheter un catamaran lagoon,0,19,0%,48.32
vendre un bateau avec estimation gratuite – où aller ?,0,18,0%,8.39
annonces du bateau barche a vela,0,18,0%,9.11
occasion madagascar,0,18,0%,10.11
my boats,0,18,0%,18.67
vendre son bateau rapidement,0,18,0%,38.28
sun odyssey 349 fiche technique,0,18,0%,83.44
bateau jeanneau 1980,0,17,0%,1
balt 660,0,17,0%,3.29
bateau malgache,0,17,0%,5.12
annonces du bateau boot verkaufen,0,17,0%,6.59
annonces du bateau on barche a vela,0,17,0%,12
voilier beneteau evasion 34,0,17,0%,13.76
catamaran a moteur prix,0,17,0%,18.06
sessa 43,0,17,0%,32.12
sloop fractionné,0,17,0%,46.76
gran turismo 32 mauritius,0,17,0%,58.29
gratis boot advertentie plaatsen,0,17,0%,65.53
catamaran verkopen,0,17,0%,77.82
drop 26,0,16,0%,1.94
madagascar toky,0,16,0%,6.69
edel cat 35 for sale,0,16,0%,8.38
prix bateau,0,16,0%,10.69
bateau occasion,0,16,0%,11.31
bateau indien,0,16,0%,18
bateau maurice reunion,0,16,0%,22.06
sav oi,0,16,0%,49.31
achat catamaran occasion martinique,0,16,0%,94.56
botentekoop on occasion voilier,0,15,0%,10.47
vedettes habitables,0,15,0%,22.4
occasion bateaux prix en baisse,0,15,0%,52.4
catamaran caraibes,0,15,0%,62.33
mauritius boats,0,15,0%,65.67
multihull yachts,0,15,0%,72.87
coque catamaran a vendre,0,15,0%,86.53
beneteau antares 905 fly,0,14,0%,11.86
acheter un bateau d'occasion,0,14,0%,28.86
sortes de bateaux,0,14,0%,33.29
beneteau first 211,0,14,0%,50.71
voilier dériveur intégral,0,14,0%,54.57
voilier alu,0,14,0%,69.93
bateau a vendre voilier,0,14,0%,77.29
cap camara,0,13,0%,3.38
private yacht in mauritius for sale,0,13,0%,6.38
my o-i,0,13,0%,7
edel 35 catamaran for sale,0,13,0%,12.15
monohull boats for sale,0,13,0%,14.77
maurice reunion bateau,0,13,0%,19.08
bateau la reunion maurice,0,13,0%,30.92
bateau de plongée à vendre,0,13,0%,38.77
boot verkaufen kostenlos,0,13,0%,42.62
sun odyssey 33,0,13,0%,48.38
belize 43,0,13,0%,51
acheter catamaran,0,13,0%,51.38
beneteau gt 40,0,13,0%,53.23
modèle flyer réunion,0,13,0%,57.54
mahe 36 catamaran,0,13,0%,60.69
gran turismo 36 ob mauritius,0,13,0%,70.15
types bateaux,0,13,0%,77.38
indian ocean boats,0,12,0%,4.92
edel catamaran,0,12,0%,7.83
my bateau occasion,0,12,0%,7.83
predator cruiser,0,12,0%,7.83
oi the boat,0,12,0%,8
annonces du bateau on boot verkaufen,0,12,0%,11.67
come posso vendere la mia barca online in italia?,0,12,0%,11.67
used boats for sale in mauritius,0,12,0%,11.75
plan first 211,0,12,0%,15.33
buy a sailboat,0,12,0%,27.25
kostenlos boot inserieren,0,12,0%,31.58
type de bateau de plaisance,0,12,0%,34.92
catamaran à vendre,0,12,0%,51.58
achat catamaran,0,12,0%,55.25
beneteau gran turismo 40,0,12,0%,58.17
type de bateau à moteur,0,12,0%,59.75
catamaran maldives,0,12,0%,67.33
vendre voilier,0,12,0%,74.25
vente bateau madagascar,0,11,0%,1.55
cata 356,0,11,0%,3.91
hunraken,0,11,0%,4
bateau madagascar reunion,0,11,0%,9.36
annonces du bateau on vendere una barca,0,11,0%,9.45
botentekoop occasion bateaux,0,11,0%,9.55
astilleros cata,0,11,0%,10.64
leopard 38,0,11,0%,10.91
mono hull boats for sale,0,11,0%,11.18
voilier,0,11,0%,11.18
voilier dériveur intégral occasion,0,11,0%,17.27
types de bateaux de plaisance,0,11,0%,21.45
réunion maurice bateau,0,11,0%,22.09
buy a boat,0,11,0%,23.27
reunion maurice en bateau,0,11,0%,33.55
quel est le prix d'un bateau à moteur,0,11,0%,43.73
bateau leopard,0,11,0%,46.55
westerly,0,11,0%,46.55
vendi la tua barca,0,11,0%,46.82
vente voilier,0,11,0%,48
vendre son voilier,0,11,0%,49.27
vendre son bateau d occasion,0,11,0%,59.09
boat,0,10,0%,4.4
bateau vendre,0,10,0%,5.1
cat 36,0,10,0%,6.6
voilier reunion,0,10,0%,6.8
luhrs 36,0,10,0%,7
publicar barco en venta sin comisiones,0,10,0%,10.1
scarab 30,0,10,0%,10.3
prix d'un bateau,0,10,0%,11.6
edel 35 catamaran,0,10,0%,11.8
edelcat 35,0,10,0%,12
boats,0,10,0%,12.6
antares 905 occasion,0,10,0%,14.5
catamaran for sale,0,10,0%,18.2
second-hand catamaran for sale,0,10,0%,26
bateau arvor,0,10,0%,36.8
catamarans te koop,0,10,0%,41.7
acheter catamaran occasion,0,10,0%,44.4
ile maurice reunion bateau,0,10,0%,45.4
bateau reunion ile maurice,0,10,0%,47.7
zeilboot verkopen,0,10,0%,69.5
arvor bateaux,0,10,0%,69.9
types of boaters,0,10,0%,70
location bateau peche reunion,0,10,0%,81.5
fountaine pajot my 5 mauritius,0,10,0%,86.1
fountaine pajot mauritius,0,10,0%,96.7
"evaluate the online boat marketplace company annonces du bateau on boat 
maintenance",0,9,0%,3
open 700,0,9,0%,3.89
reunion madagascar bateau,0,9,0%,7.67
ct 43,0,9,0%,8.56
coastal license,0,9,0%,8.78
vedette bateau,0,9,0%,9.78
annonces du bateau marketplace,0,9,0%,11.33
monohull for sale,0,9,0%,11.56
acheter bateau,0,9,0%,16.33
dufour sortilege,0,9,0%,21.11
annonce bateau,0,9,0%,23.67
bateau de plaisance,0,9,0%,24.67
bateau océan,0,9,0%,24.89
maurice reunion en bateau,0,9,0%,25.11
acheter un bateau,0,9,0%,28.56
boats for sale,0,9,0%,30.33
bateau ile de la reunion,0,9,0%,45.67
kostenlos schlauchboot verkaufen,0,9,0%,50.11
boutres,0,9,0%,52.22
type bateau,0,9,0%,52.56
sorte de bateau,0,9,0%,55.67
type de bateaux,0,9,0%,65.67
flyer 650 cabine,0,9,0%,82.22
services achat et entretien catamaran martinique,0,9,0%,87.44
madagascar bateau,0,8,0%,3.38
jeanneau trinidad,0,8,0%,4.88
jaguar madagascar,0,8,0%,6.5
norman cross trimaran,0,8,0%,8.25
boating license,0,8,0%,8.88
power cat,0,8,0%,9.75
boat for sale,0,8,0%,12
buy sailboat,0,8,0%,12.25
botentekoop voilier,0,8,0%,13.75
vedettes habitable,0,8,0%,15
annonce du bateau,0,8,0%,15.62
beneteau evasion 34,0,8,0%,20.62
les types de bateaux,0,8,0%,21.62
réunion maurice bateau prix,0,8,0%,22.12
vente bateau occasion,0,8,0%,22.5
fountaine pajot venezia 42,0,8,0%,25
astus 20.5,0,8,0%,26.88
swan 38,0,8,0%,27
permis bateau france,0,8,0%,28.75
bateau annonce,0,8,0%,33.25
différents types de bateaux,0,8,0%,34.62
acheter yacht,0,8,0%,36.38
réunion ile maurice bateau,0,8,0%,37.25
bateaux scarab,0,8,0%,39.75
sell your boat estimate,0,8,0%,45.75
boot inserieren,0,8,0%,49
types de bateau,0,8,0%,64.25
gib sea 43,0,8,0%,67.62
voilier bavaria 50,0,8,0%,73.25
comment vendre mon bateau,0,8,0%,81.12
bavaria 50 voilier,0,8,0%,81.62
entretien du bateau,0,8,0%,95
bateau en vente,0,7,0%,5.86
hunter 33,0,7,0%,8
arvor 18 occasion,0,7,0%,8.43
multihull boats,0,7,0%,8.86
wellcraft scarab 30,0,7,0%,9.14
buyboat,0,7,0%,9.71
multi hull boat,0,7,0%,11
antares madagascar,0,7,0%,12
évasion 34,0,7,0%,12.71
voilier aluminium deriveur,0,7,0%,13.43
young sun,0,7,0%,15.43
vendre un bateau rapidement en ligne,0,7,0%,17
boat ocean,0,7,0%,18.86
les différents types de bateaux,0,7,0%,25.29
bateau a vendre ile de france,0,7,0%,26.29
catamaran madagascar,0,7,0%,30.57
bateau acheter,0,7,0%,35.57
annonces du bateaux,0,7,0%,38
arvor bateau,0,7,0%,39.43
catamaran a vendre,0,7,0%,47.29
katamaran kopen,0,7,0%,47.71
acheter un voilier,0,7,0%,51.14
seychelle catamaran,0,7,0%,53.43
france réunion en bateau,0,7,0%,66.71
achat de voilier,0,7,0%,69.86
gebrauchtboot verkaufen,0,7,0%,90.86
sunbird spl 194,0,6,0%,1
wharram tiki 26 for sale,0,6,0%,2.33
ufo34,0,6,0%,4.33
argos bateau,0,6,0%,4.5
catamarans à vendre à nosy be,0,6,0%,4.5
boat license france,0,6,0%,4.67
garcia nouanni for sale,0,6,0%,4.83
voilier occasion,0,6,0%,5.17
bateaux a vendre,0,6,0%,5.33
bateux,0,6,0%,5.83
ne quid,0,6,0%,7.17
buy catamaran,0,6,0%,8.33
voilier aluminium a vendre,0,6,0%,8.33
voilier coque alu occasion,0,6,0%,9
astuce permis hauturier,0,6,0%,9.5
bateau de peche a vendre,0,6,0%,9.67
negoziazione prezzi vendita online barche,0,6,0%,11.33
bateaux à vendre,0,6,0%,14.83
annonces bateaux,0,6,0%,16
boat maintenance services,0,6,0%,16.17
bateau 40 pieds,0,6,0%,17.33
garcia nouanni 43,0,6,0%,17.5
mayotte madagascar en bateau,0,6,0%,18
catamaran moteur a vendre,0,6,0%,18.67
azimut 43s,0,6,0%,22.17
riviera 3000,0,6,0%,23.83
réunion maurice en bateau,0,6,0%,24.5
madagascar boats,0,6,0%,26.17
réunion île maurice en bateau,0,6,0%,34.17
vendre son bateau gratuitement,0,6,0%,36
les annonces bateau,0,6,0%,37.5
catamaran leopard 38,0,6,0%,40
dragonfly 28 occasion,0,6,0%,41.83
prao bateau,0,6,0%,42.17
fountain 38 lx mauritius,0,6,0%,46
sorte de bateaux,0,6,0%,46.33
mahé 36,0,6,0%,49.67
sun odyssey 349 quille relevable occasion,0,6,0%,50.83
categories bateau,0,6,0%,70.17
kostenlos schlauchboote inserieren,0,6,0%,71
power catamaran,0,6,0%,71.67
reunion bateau,0,6,0%,72.83
achat bateau voilier,0,6,0%,73.17
prix lagoon 380 neuf,0,6,0%,76.67
boot verkopen met registratie,0,6,0%,89.33
vendere la barca,0,6,0%,93
goélette,0,5,0%,1
edel cat,0,5,0%,3.8
tropical boat,0,5,0%,4.2
bateau a vendre occasion,0,5,0%,5.2
bateau a acheter,0,5,0%,5.8
hammercat 35,0,5,0%,5.8
bateau de pêche à vendre occasion,0,5,0%,6
hammercat,0,5,0%,6.6
achat bateau,0,5,0%,7.6
bateau vente occasion,0,5,0%,7.8
myboats,0,5,0%,8
fishing boats for sale,0,5,0%,8.2
ufo 34 for sale,0,5,0%,9.4
buy and sell boats,0,5,0%,9.8
inautia boat maintenance,0,5,0%,10.6
buy a catamaran,0,5,0%,11.6
boat licence,0,5,0%,12.4
voilier alu a vendre,0,5,0%,14.4
monocoque bateau,0,5,0%,14.6
lagoon 410 occasion,0,5,0%,19
voilier à vendre,0,5,0%,19.4
highland 35,0,5,0%,23
voile a vendre,0,5,0%,32.8
hoe je boot verkopen,0,5,0%,35.2
boat driving licence,0,5,0%,36
multi hull boat for sale,0,5,0%,39
bateau mauritius,0,5,0%,39.6
catamaran occasion,0,5,0%,40.8
achat catamaran occasion,0,5,0%,42.4
differents types de bateaux,0,5,0%,44.6
lagoon 420,0,5,0%,47.2
sun odyssey 33 i occasion,0,5,0%,47.6
réunion bateau,0,5,0%,54
reunion ile maurice en bateau,0,5,0%,55.6
kinds of boats,0,5,0%,57.8
les différents types de bateau,0,5,0%,59
bateau 8 m,0,5,0%,61
type de bateau nom,0,5,0%,62.2
bateau france reunion,0,5,0%,62.6
kostenlos boote verkaufen,0,5,0%,64.8
location yacht ocã an indien,0,5,0%,64.8
voilier garcia,0,5,0%,65
types de bateaux à voile,0,5,0%,71
snel mijn boot verkopen,0,5,0%,73
online boten,0,5,0%,78
sortie bateau moteur réunion,0,5,0%,79.8
canot de peche a vendre,0,5,0%,89.8
vente bateau mayotte,0,4,0%,1.75
acheter bateau seychelles,0,4,0%,2
vente de bateau,0,4,0%,3.25
colvic ufo 34,0,4,0%,3.5
hunter 23.5 sailboat,0,4,0%,3.5
vendere una barca annonces du bateau,0,4,0%,3.5
bateau a voile,0,4,0%,3.75
bateau occasion a vendre,0,4,0%,4
bateau sunbird fiche technique,0,4,0%,4
achat bateau occasion,0,4,0%,4.75
bateau autour de moi,0,4,0%,4.75
bateau à,0,4,0%,5.25
a vendre bateau,0,4,0%,5.5
sea boats for sale,0,4,0%,5.5
cheap private yacht in mauritius for sale,0,4,0%,6.25
bateay,0,4,0%,6.75
my boot,0,4,0%,6.75
maldives 32 catamaran,0,4,0%,7.5
garcia 44,0,4,0%,8
bateau moteur a vendre,0,4,0%,8.5
acheter bateau occasion,0,4,0%,8.75
multihulls for sale,0,4,0%,9
hammercat 35 price,0,4,0%,9.25
36 express,0,4,0%,9.75
boats to buy,0,4,0%,9.75
scarab 30 sport,0,4,0%,9.75
bahia 46 catamaran,0,4,0%,10
bateau galapagos,0,4,0%,10
multihull boat,0,4,0%,10
prix petit bateau a moteur,0,4,0%,10.25
multihull sailboats,0,4,0%,10.5
buy fishing boat,0,4,0%,12
madagascar reunion bateau,0,4,0%,14
catamaran 12m,0,4,0%,14.25
occasion bateaux boat marketplace,0,4,0%,14.25
annonce bateau voilier,0,4,0%,16.75
jaguar catamaran,0,4,0%,17
vendere la mia barca,0,4,0%,20
kostenlos gebrauchtboot inserieren,0,4,0%,20.5
bateau réunion maurice,0,4,0%,21
bateaux de peche a vendre,0,4,0%,21
bahia 46,0,4,0%,26.75
voilier catamaran occasion,0,4,0%,30.5
first 211 fiche technique,0,4,0%,30.75
bateau occasion vedette habitable 8 10 m,0,4,0%,31.25
bateau achat,0,4,0%,32
voilier aluminium deriveur integral,0,4,0%,38.75
boat value estimate,0,4,0%,40.75
bateau ile maurice reunion,0,4,0%,43.75
dragonfly occasion,0,4,0%,47.5
achat voilier habitable,0,4,0%,49.25
dragonfly 28,0,4,0%,49.5
la reunion ile maurice bateau,0,4,0%,49.5
réunion mayotte en bateau,0,4,0%,51.5
france la reunion en bateau,0,4,0%,57.5
a vendre voilier,0,4,0%,60
bateau type,0,4,0%,60.75
schooner bateau,0,4,0%,61.25
schlauchboote kostenlos verkaufen,0,4,0%,64.75
voilier hunter,0,4,0%,67.75
achat voilier,0,4,0%,68
bateau 8 m avec cabine,0,4,0%,69
vendre un bateau d occasion,0,4,0%,69.5
voglio vendere la mia barca,0,4,0%,70
bateau de peche pas cher,0,4,0%,80.25
categorie bateau,0,4,0%,81
offshore bateau,0,4,0%,82.75
catamaran ã vendre,0,4,0%,84
offshore bateau vitesse,0,4,0%,84
gran turismo 38 mauritius,0,4,0%,90
aller à la réunion en bateau,0,4,0%,96.25
bateau à vendre tulear madagascar,0,3,0%,1
kann ich mein boot privat online verkaufen?,0,3,0%,1
lagoon 47 catamaran,0,3,0%,1
boat license test,0,3,0%,2
prout 39,0,3,0%,2
waar kun je je boot verkopen met foto- en videosupport?,0,3,0%,3
boat driver license,0,3,0%,3.33
annonces bateau,0,3,0%,4.33
dufour sortilege 41,0,3,0%,4.67
bateau de,0,3,0%,5
is it vendre un bateau sans passer par un intermédiaire – comment faire ?,0,3,0%,5
sailing boats for sale,0,3,0%,5
prix d un bateau a moteur,0,3,0%,6
bateau vente,0,3,0%,7
"is it wie lange dauert es in der regel, ein boot zu verkaufen?",0,3,0%,7
nequid,0,3,0%,7
annonce bateau moteur,0,3,0%,8.33
site bateau,0,3,0%,8.67
buy boat,0,3,0%,9
wellcraft scarab 30 sport,0,3,0%,9
annonces du bateau yacht kaufen,0,3,0%,9.33
moteur bateau occasion,0,3,0%,9.33
tricoque bateau,0,3,0%,9.33
33 i,0,3,0%,10
bateau a voile a vendre,0,3,0%,10
second hand boat,0,3,0%,10
beste websites om snel je boot te verkopen nederland,0,3,0%,10.33
sale boat for sale,0,3,0%,10.67
bateau voilier a vendre,0,3,0%,11
scarab offshore,0,3,0%,11
is it come posso vendere la mia barca online in italia?,0,3,0%,12
pirogue a vendre,0,3,0%,12
monohull boat for sale,0,3,0%,12.33
sailing dinghy for sale,0,3,0%,12.33
botentekoop on occasion bateaux,0,3,0%,12.67
cheap fishing boat,0,3,0%,13
bahia 46 occasion,0,3,0%,13.33
voilier aluminium hollandais,0,3,0%,14.33
kostenlos segelboot verkaufen,0,3,0%,16.67
catamaran moteur habitable,0,3,0%,17.67
site pour acheter un bateau adapté à la famille,0,3,0%,18.33
botentekoop vendre un bateau,0,3,0%,19
catamaran à moteur occasion,0,3,0%,19
inautia online boat marketplace sailing yacht,0,3,0%,19.33
annonces du bateau on buy boats,0,3,0%,20.33
sell my boat for free,0,3,0%,21
boats types,0,3,0%,21.33
voilier multicoque,0,3,0%,21.67
bateau la réunion ile maurice,0,3,0%,22.67
miura 31,0,3,0%,22.67
differents types de bateau,0,3,0%,24
deriveur integral occasion,0,3,0%,25.67
comment vendre son bateau,0,3,0%,28
bateau annonces,0,3,0%,29
boat type,0,3,0%,29
vente catamaran occasion,0,3,0%,29
annonces du bateau on boats for sale,0,3,0%,31.67
wharram narai,0,3,0%,32.33
eleuthera 60,0,3,0%,33
lagoon 420 occasion,0,3,0%,33.33
ventes bateaux,0,3,0%,34
kostenlos boot verkaufen,0,3,0%,36.67
odyssey 33,0,3,0%,37.33
jeanneau sun odyssey 33i,0,3,0%,39
gratis zeilboot verkopen,0,3,0%,39.67
lamparo peche,0,3,0%,40
motor catamaran,0,3,0%,40.33
catamarans d occasion,0,3,0%,40.67
comprar trimaran,0,3,0%,43.67
kostenlos schlauchboote verkaufen,0,3,0%,43.67
my 37 occasion,0,3,0%,45.67
myboat arcachon,0,3,0%,46
bateau a vendre de peche,0,3,0%,46.33
occasion catamaran,0,3,0%,49
bateau scarab,0,3,0%,50
monocoque voilier,0,3,0%,50.67
bateau 8m,0,3,0%,51.33
kostenlos segelboot inserieren,0,3,0%,52.33
un boutre,0,3,0%,52.67
prix catamaran habitable,0,3,0%,55.67
bateau open,0,3,0%,57
catamarans occasion,0,3,0%,57.33
lagoon 42 te koop,0,3,0%,58.33
prix d un catamaran,0,3,0%,59.33
sailing boat,0,3,0%,59.33
lagoon 450f,0,3,0%,60.67
bateau réunion,0,3,0%,63.33
different type de bateau,0,3,0%,65
achat bateaux neuf,0,3,0%,67.67
boten te koop,0,3,0%,67.67
leopard 47 pc,0,3,0%,68
nimis,0,3,0%,68.33
catamarans moteur,0,3,0%,69
catamaran 974,0,3,0%,70
schlauchboote verkaufen,0,3,0%,70.33
gran turismo 40 occasion,0,3,0%,72.67
catamaran occasion antilles,0,3,0%,75
buying a boat in france,0,3,0%,76.33
etap 32i,0,3,0%,78
dériveurs occasion,0,3,0%,79.33
catamaran réunion,0,3,0%,80.67
dufour gib sea 43,0,3,0%,81.33
buy new sloop,0,3,0%,86
annonces bateau gratuites,0,3,0%,88.33
bateau occasion inboard diesel,0,3,0%,95.67
boot advertenties,0,3,0%,96.33
38 jaguar,0,2,0%,1
catamaran caraibe 40,0,2,0%,1
how to get a boating license,0,2,0%,1
hunter madagascar,0,2,0%,1
quel bateau,0,2,0%,1
jaguar 38,0,2,0%,1.5
cat36,0,2,0%,2
la reunion madagascar bateau,0,2,0%,2
prix de bateau,0,2,0%,2
"brauche ich einen makler, um mein boot zu verkaufen?",0,2,0%,2.5
bateaux occasion,0,2,0%,3
catamaran motor,0,2,0%,3
dean catamaran,0,2,0%,3
boat licence france,0,2,0%,3.5
local used boat dealers,0,2,0%,3.5
mada boat,0,2,0%,3.5
vente bateau seychelles,0,2,0%,3.5
bateau moteur occasion,0,2,0%,4
bateaus,0,2,0%,4
com bateau,0,2,0%,4
how long to get boat license,0,2,0%,4
how to get a boat license,0,2,0%,4
prix bateaux,0,2,0%,4
mi boat,0,2,0%,4.5
bateau voilier,0,2,0%,5
fountaine pajot eleuthera 60,0,2,0%,5
via42,0,2,0%,5
ay boat,0,2,0%,5.5
bateaux occasion a vendre,0,2,0%,5.5
bateaux prix,0,2,0%,5.5
best private yacht in mauritius for sale,0,2,0%,5.5
myboat.com,0,2,0%,5.5
bataeux,0,2,0%,6
catamaran sale,0,2,0%,6
dean 365 catamaran,0,2,0%,6
boat classifieds,0,2,0%,6.5
boat listing,0,2,0%,6.5
local used boats for sale,0,2,0%,6.5
prix bateau occasion,0,2,0%,6.5
45.1.1,0,2,0%,7
boat listings,0,2,0%,7
colombo aliante 32,0,2,0%,7
mayotte / madagascar en bateau,0,2,0%,7
new lagoon 47,0,2,0%,7
sun odyssey 349 interieur,0,2,0%,7
wharram narai mk iv,0,2,0%,7
bataeu,0,2,0%,8
multihull yachts for sale,0,2,0%,8
sail boat for sale,0,2,0%,8
small boat for sale mauritius,0,2,0%,8
ubuy madagascar,0,2,0%,8
bayeau,0,2,0%,8.5
multi hull boats for sale,0,2,0%,8.5
annonces du bateau on vender un barco,0,2,0%,9
indian catamaran,0,2,0%,9
monohulls for sale,0,2,0%,9
voilier la reunion,0,2,0%,9
annonces du bateau boat kaufen,0,2,0%,9.5
dean 440 for sale,0,2,0%,9.5
prévilege,0,2,0%,9.5
une boutre,0,2,0%,9.5
voilier a vendre marketplace reviews,0,2,0%,9.5
annonces du bateau boat marketplace,0,2,0%,10
boat permit,0,2,0%,10
e pur si muove au tour du monde,0,2,0%,10
sale new boat,0,2,0%,10
buy used boats,0,2,0%,10.5
lurhs,0,2,0%,10.5
boat sale,0,2,0%,11
evasion34,0,2,0%,11
second hand yachts for sale,0,2,0%,11
sunbird spl 174,0,2,0%,11
un bateau,0,2,0%,11
boat for,0,2,0%,11.5
voiliers a vendre,0,2,0%,11.5
"annonces du bateau online boat marketplace barche in vendita recensioni 
annonces du bateau",0,2,0%,12
used fishing boats,0,2,0%,12
vender barco,0,2,0%,12
bateau la réunion madagascar,0,2,0%,13
old fishing boat for sale,0,2,0%,13
catamaran mayotte,0,2,0%,14
petites annonces bateau,0,2,0%,14
bateau plaisance,0,2,0%,15
wharram for sale,0,2,0%,15.5
type boat,0,2,0%,16
yacht marketplace company boot verkopen,0,2,0%,16
vendre mon bateau,0,2,0%,16.5
looping catamaran,0,2,0%,17
bootsanzeigen,0,2,0%,18.5
inautia boat types,0,2,0%,18.5
the online boat marketplace company boats & outboards on voilier a vendre,0,2,0%,18.5
annonces du bateau vendre un bateau,0,2,0%,19
bateau ile maurice la reunion,0,2,0%,20.5
indian sailboat,0,2,0%,21
lagoon 400s2,0,2,0%,21
bateaux vedette,0,2,0%,22
annonce bateaux,0,2,0%,22.5
beste websites om boot te verkopen,0,2,0%,23
type of boating,0,2,0%,23.5
voiliers vendre,0,2,0%,24.5
lagoon 39,0,2,0%,25
voilier vendre,0,2,0%,25
bateau argos,0,2,0%,26
type of boats,0,2,0%,26.5
la réunion maurice en bateau,0,2,0%,27
athena 38,0,2,0%,27.5
annonce occasion bateau,0,2,0%,28.5
caterman boat,0,2,0%,29
la réunion madagascar en bateau,0,2,0%,29.5
deriveur aluminium,0,2,0%,30
bateau france madagascar,0,2,0%,30.5
powercat,0,2,0%,31.5
boot verkaufen,0,2,0%,32
cnso mikado,0,2,0%,33.5
les annonces du bateaux,0,2,0%,33.5
odyssey 349,0,2,0%,33.5
voilier a donner gratuitement,0,2,0%,33.5
bateau maurice,0,2,0%,34.5
catamaran boat,0,2,0%,34.5
comment vendre son bateau rapidement,0,2,0%,35.5
lagoon 52s,0,2,0%,36
te koop catamaran,0,2,0%,36
ocean boat,0,2,0%,36.5
valutazione barche,0,2,0%,37.5
catamaran d occasion,0,2,0%,38.5
katamaran zu verschenken,0,2,0%,38.5
bateau neuf a vendre,0,2,0%,39.5
offshore cruiser,0,2,0%,41
catamaran prix occasion,0,2,0%,41.5
edel cat 28,0,2,0%,43.5
acheter un voilier d'occasion,0,2,0%,44.5
sun odyssey 39i,0,2,0%,44.5
acheter voilier occasion,0,2,0%,45
vend catamaran,0,2,0%,45
catamaran habitable occasion,0,2,0%,45.5
lagoon 400 s2 occasion,0,2,0%,46.5
les annonces du bateau,0,2,0%,48.5
vends voilier,0,2,0%,48.5
boot kostenlos verkaufen,0,2,0%,49
comment passer son permis bateau,0,2,0%,50
my boat arcachon,0,2,0%,50
goélette bateau,0,2,0%,51
bateau a voile achat,0,2,0%,51.5
ships for sale,0,2,0%,51.5
boats for sale in india,0,2,0%,53
gamme bateau arvor,0,2,0%,54
boot-verkaufen,0,2,0%,54.5
gran turismo 40 beneteau,0,2,0%,54.5
bateau de pêche professionnel à vendre d'occasion,0,2,0%,55
boot gratis verkopen,0,2,0%,55
sailing boat for sale,0,2,0%,56
deriveur laser occasion,0,2,0%,56.5
oh my boat,0,2,0%,58.5
gib'sea 43,0,2,0%,59
petit bateau de pêche occasion,0,2,0%,59.5
bateau réunion maurice prix,0,2,0%,63
flyer beneteau 650,0,2,0%,63.5
gib sea,0,2,0%,63.5
catamaran leopard occasion,0,2,0%,64.5
la goelette,0,2,0%,66
catamaran d'occasion à vendre,0,2,0%,66.5
vente de bateau de peche,0,2,0%,68
indian ocean sailing,0,2,0%,68.5
catégorie de bateau,0,2,0%,69
fishing in france licence,0,2,0%,69.5
annonce bateau gratuite,0,2,0%,71
flyer 650,0,2,0%,72
categorie de bateau,0,2,0%,75
vente catamarans,0,2,0%,75
acheter bateau de peche,0,2,0%,76
litiges vente bateau,0,2,0%,76.5
catamaran de sport occasion,0,2,0%,77
permis bateau en france,0,2,0%,78
voilier gib sea,0,2,0%,78
bénéteau gran turismo,0,2,0%,78.5
type de bateau a voile,0,2,0%,79
bateau rivière occasion,0,2,0%,80
trimarán,0,2,0%,80.5
france reunion bateau,0,2,0%,81
lagoon 52 occasion,0,2,0%,81
acheter un voilier d occasion,0,2,0%,83.5
catamaran verkauf,0,2,0%,85
segelboot inserieren,0,2,0%,85
sessa,0,2,0%,85
boote kostenlos verkaufen,0,2,0%,85.5
vedette fly,0,2,0%,86
ketch acier,0,2,0%,86.5
bateau categorie a,0,2,0%,89.5
23.5 30,0,2,0%,92.5
trimaran,0,2,0%,92.5
voilier en vente,0,2,0%,94
lagoon 440 mauritius,0,2,0%,95
broker voilier caraïbes,0,2,0%,95.5
samana 59 mauritius,0,2,0%,97
bateau offshore,0,2,0%,98
catamaran à moteur moins de 10 mètres,0,2,0%,103.5
1 boat price,0,1,0%,1
43s,0,1,0%,1
45.1,0,1,0%,1
bateau au enchere,0,1,0%,1
bateau avendre,0,1,0%,1
bateau à moteur occasion,0,1,0%,1
bateau à vendre occasion,0,1,0%,1
biutre,0,1,0%,1
boat engineers near me,0,1,0%,1
boat license course,0,1,0%,1
broker marittimo,0,1,0%,1
camara cap,0,1,0%,1
des bateaux,0,1,0%,1
edelcat,0,1,0%,1
getting a boat license,0,1,0%,1
how much does a tuna boat cost,0,1,0%,1
how old do you have to be to get a boating license,0,1,0%,1
how to get your boat license,0,1,0%,1
iris37,0,1,0%,1
jaguar catamarans,0,1,0%,1
mauritius weather september 2025,0,1,0%,1
open boats,0,1,0%,1
pavati boats price,0,1,0%,1
permis cotier regles,0,1,0%,1
plan catamaran contreplaqué époxy,0,1,0%,1
price of a boat,0,1,0%,1
qcm,0,1,0%,1
quid nimis,0,1,0%,1
spare boat,0,1,0%,1
tarif carénage bateau,0,1,0%,1
young sun 43,0,1,0%,1
à vendre bateau,0,1,0%,1